n,full_graphset_size,linear_reduced_graphset_size,tree_reduced_graphset_size,linear_full_graphset_time_s,tree_full_graphset_time_s,linear_reduced_graphset_time_s,tree_reduced_graphset_time_s
3,8,4,6,0.0010395000008429633,0.0017745999994076556,0.00035879999995813705,0.0006757999999535969
4,64,54,32,0.00562520000130462,0.005556500000238884,0.0036126000013609882,0.003362000001288834
5,1024,1006,320,0.19227549999959592,0.20083320000048843,0.09556309999970836,0.04324540000015986
6,32768,32740,6144,3.5513043999999354,4.212717399999747,3.435509099999763,0.7373179000005621
7,2097152,2097112,229376,213.1720835999986,296.42412759999934,218.48665860000074,32.07803479999893
